rank,song,artist,Previous week,weeks on chart
1,Feeling ft. Buju,LADIPOE and  Buju,1,6
2,Kilometre,Burna Boy,5,6
3,Bounce,Ruger,3,6
4,Rock,Olamide,14,6
5,Kamata,Diamond Platnumz,4,5
6,Forever (Remix) ft. Omah Lay,Gyakie and  Omah Lay,7,6
7,Coming ft. Busiswa,Naira Marley and  Busiswa,8,6
8,Soundgasm,Rema,10,6
9,Essence (feat. Tems),Wizkid,11,6
10,Big Thug Boys,AV,12,6
11,Understand,Omah Lay,2,6
12,Coachella ft. Kwesi Arthur,Sarkodie and  Kwesi Arthur,15,6
13,Outside,Buju,13,6
14,For You,Teni,16,6
15,Running (To You) ft. Simi,Chike and  Simi,6,6
16,History ft. Fireboy DML,Cheque and  Fireboy DML,17,6
17,Sinner,Adekunle Gold and  Lucky Daye,18,6
18,Slow Down,King Promise,9,2
19,Yaba Buluku (feat. Preck & Nelson Tivane) - Remix,DJ Tarico and  Burna Boy,43,6
20,Infinity ft. Omah Lay,Olamide,20,6
21,Somebody ft. Phyno,Olamide,19,6
22,Godly,Omah Lay,21,2
23,Vibration,Sarkodie,23,2
24,Bad Influence,Omah Lay,25,4
25,LV N ATTN feat. Wizkid,Lojay,28,2
26,Door ft. Kwesi Arthur,Joeboy,26,6
27,KPK (Ko Por Ke),Rexxie,34,5
28,Nobody,Anjella,29,6
29,Bling (feat. Amaarae & Buju),Blaqbonez,32,3
30,Focus,Joeboy,30,5
31,Touch It,KiDi,36,4
32,Second Sermon,Black Sherif,0,1
33,Baikoko ft. Diamond Platnumz,Mbosso,33,6
34,Felony,CKay,39,3
35,"Ndombolo (feat. AbduKiba, K2ga & Tommy Flavour)",Alikiba,27,2
36,Show Me,Joeboy,37,5
37,Nimekuzoea,Nandy,31,5
38,Siyathandana (feat. Abidoza & Boohle),Cassper Nyovest,38,6
39,Dimension (feat. Skepta & Rema),JAE5,40,2
40,Celebrate Me,Patoranking,47,6
41,Somebody Baby,Davido and  Peruzzi,42,5
42,Medicine,Jaywillz,46,2
43,Shopping Spree (feat. Chris Brown & Young Thug),Davido,0,1
44,Niko Sawa (feat. Bien),Nviiri The Storyteller,48,5
45,Ex,Nikita Kering,53,6
46,Kilofese,Zinoleesky,49,2
47,Confident,Savage and  Buju,45,6
48,GUPTA (feat. Lady Du & Mellow and Sleazy),Focalistic and  Mr JazziQ,50,6
49,Nossas Coisas (feat. ARY),C4 pedro,52,4
50,"Khuza Gogo (feat. Mpura, AmaAvenger & M.J)","DBN Gogo,  Blaqnick and  MasterBlaq",56,6
51,Maserati (Remix),Olakira,57,6
52,It Is What It Is,Adekunle Gold,35,4
53,Damages,Tems,58,2
54,Activate,Stonebwoy,63,2
55,AG Baby,Adekunle Gold,64,4
56,Such Kinda Love ft. Jovial,Otile Brown,60,6
57,Ke Star (Remix),Focalistic,66,2
58,Jennifer,GUCHI,62,2
59,Nyumba Ndogo,Zuchu,61,2
60,Summeryomuthi,Blaq Diamond,67,4
61,23,Burna Boy,68,4
62,Salute (feat. Rudeboy),Alikiba,65,4
63,Hallelu,Masterkraft,70,2
64,Woman,Rema,71,2
65,Joro,Wizkid,72,4
66,Away,Ayra Starr,73,2
67,The Best (feat. Mayorkun),DaVido,75,2
68,Sukari,Zuchu,69,2
69,MAD,Sarz,76,6
70,Ginger (feat. Burna Boy),Wizkid,78,2
71,"IYO (feat. Focalistic, Mapara A Jazz, & Ntosh Gazi)",Diamond Platnumz,0,1
72,Baajo,Kwesi Arthur,79,2
73,Pronto,Ajebo Hustlers,82,2
74,Jeraha ft. Jovial,Otile Brown,74,4
75,Kilofeshe,Zinoleesky,83,2
76,Number One ft. Zuchu,Rayvanny,77,2
77,Again,Wande Coal,86,6
78,Champion,Fireboy Dml,87,2
79,E Choke ft. Mr Drew,Sefa,81,2
80,"Y3 Y3 DOM ft. Skyface SDW, Reggie, Kwaku DMC, City Boy & Kawabanga",JAY BAHD,44,4
81,Sandakalawe,Harmonize,80,3
82,Yalaah,Mbosso,85,2
83,Adom Grace,Diana Hamilton,88,2
84,Tabia Za Wakenya (Kanairo),Mejja,93,3
85,Testimony,Buju,0,1
86,MOSLADO,Teni,91,2
87,Abule,Patoranking,89,2
88,Mtaalam,Mbosso,90,4
89,Enfant de Dieu ( Lhymne national),Ks bloom,84,4
90,Mwisho,Killy (TZ),94,4
91,Biibi Besi ft. Kuami Eugene,Kwame Yogot,92,4
92,Let Dem Kno,Smallgod,0,1
93,Dinaledi,Major League Djz,0,1
94,Mood,Mr Drew,24,2
95,Pains,Mr Drew,0,1
96,Mon soleil ft. Anitta,Dadju,100,4
97,Cheche ft. Diamond Platnumz,Zuchu,96,4
98,La Mour,KS Bloom,98,2
99,Send Me Nudes (feat. Joey B),KiDi,41,4
100,Music Messiah,DJ Neptune,0,1
